Customer ID,recency,frequency,monetary,recency_score,frequency_score,monetary_score,RFM_SCORE,segname
AA-10315,195,5,5563.56,2,2,5,22,hibernating
AA-10375,30,9,1056.39,5,5,2,55,champions
AA-10480,270,4,1790.5120000000002,1,1,3,11,hibernating
AA-10645,66,6,5086.9349999999995,3,3,5,33,need_attention
AB-10015,426,3,886.156,1,1,1,11,hibernating
AB-10060,65,8,7755.619999999998,4,4,5,44,loyal_customers
AB-10105,52,10,14473.571,4,5,5,45,loyal_customers
AB-10150,52,5,966.71,4,2,2,42,potential_loyalists
AB-10165,36,8,1113.838,5,4,2,54,champions
AB-10255,177,9,914.532,2,5,1,25,cant_loose
AB-10600,61,4,1515.862,4,1,2,41,promising
AC-10420,243,3,925.8,1,1,1,11,hibernating
AC-10450,22,7,5527.846,5,3,5,53,potential_loyalists
AC-10615,17,5,2537.686,5,2,3,52,potential_loyalists
AC-10660,293,5,657.316,1,2,1,12,hibernating
AD-10180,40,8,6106.879999999999,4,4,5,44,loyal_customers
AF-10870,52,7,2052.908,4,3,3,43,potential_loyalists
AF-10885,426,4,861.5649999999999,1,1,1,11,hibernating
AG-10270,289,5,2582.8979999999997,1,2,3,12,hibernating
AG-10300,129,4,367.548,2,1,1,21,hibernating
AG-10330,19,5,660.972,5,2,1,52,potential_loyalists
AG-10390,125,5,200.945,2,2,1,22,hibernating
AG-10495,89,7,1419.247,3,3,2,33,need_attention
AG-10525,855,4,1455.0379999999998,1,1,2,11,hibernating
AG-10675,108,7,3489.0396,3,3,4,33,need_attention
AG-10765,88,4,170.58399999999997,3,1,1,31,about_to_sleep
AG-10900,107,10,4510.7970000000005,3,5,5,35,loyal_customers
AH-10030,23,7,1744.6999999999998,5,3,3,53,potential_loyalists
AH-10075,45,10,3250.3369999999995,4,5,4,45,loyal_customers
AH-10120,71,7,1735.5140000000001,3,3,3,33,need_attention
AH-10195,66,4,1587.452,3,1,2,31,about_to_sleep
AH-10210,17,9,4805.344,5,5,5,55,champions
AH-10465,241,5,2495.3916,2,2,3,22,hibernating
AH-10585,32,4,738.504,5,1,1,51,new_customers
AH-10690,421,12,7888.294,1,5,5,15,cant_loose
AI-10855,24,10,4375.786,5,5,5,55,champions
AJ-10780,86,7,4867.343999999999,3,3,5,33,need_attention
AJ-10795,177,7,4501.391,2,3,5,23,at_Risk
AJ-10945,132,6,1829.8960000000002,2,3,3,23,at_Risk
AJ-10960,85,3,629.2479999999999,3,1,1,31,about_to_sleep
AM-10360,39,5,814.0120000000001,4,2,1,42,potential_loyalists
AM-10705,173,8,5664.021999999999,2,4,5,24,at_Risk
AO-10810,512,1,161.28,1,1,1,11,hibernating
AP-10720,52,6,545.932,4,3,1,43,potential_loyalists
AP-10915,109,10,3323.5560000000005,3,5,4,35,loyal_customers
AR-10345,122,4,1055.694,2,1,2,21,hibernating
AR-10405,136,5,2236.128,2,2,3,22,hibernating
AR-10510,25,5,264.86400000000003,5,2,1,52,potential_loyalists
AR-10540,17,6,6608.448,5,3,5,53,potential_loyalists
AR-10570,545,1,88.15,1,1,1,11,hibernating
AR-10825,69,8,4523.336,3,4,5,34,loyal_customers
AS-10045,99,7,3050.6920000000005,3,3,4,33,need_attention
AS-10090,39,9,3255.3100000000004,4,5,4,45,loyal_customers
AS-10135,52,2,58.82,4,1,1,41,promising
AS-10225,33,5,4260.784000000001,5,2,5,52,potential_loyalists
AS-10240,203,5,503.968,2,2,1,22,hibernating
AS-10285,30,6,3214.236,5,3,4,53,potential_loyalists
AS-10630,103,7,833.3979999999999,3,3,1,33,need_attention
AT-10435,32,5,1166.0720000000001,5,2,2,52,potential_loyalists
AT-10735,24,10,3831.864,5,5,4,55,champions
AW-10840,31,4,649.376,5,1,1,51,new_customers
AW-10930,57,7,2852.968,4,3,4,43,potential_loyalists
AY-10555,25,4,497.01400000000007,5,1,1,51,new_customers
AZ-10750,171,6,1622.018,2,3,2,23,at_Risk
BB-10990,116,5,744.34,2,2,1,22,hibernating
BB-11545,39,9,6765.727999999999,4,5,5,45,loyal_customers
BC-11125,213,9,2933.676,2,5,4,25,cant_loose
BD-11320,44,12,5718.521000000001,4,5,5,45,loyal_customers
BD-11500,46,6,4411.2429999999995,4,3,5,43,potential_loyalists
BD-11560,289,2,320.53999999999996,1,1,1,11,hibernating
BD-11605,108,6,2783.189,3,3,4,33,need_attention
BD-11620,80,6,1538.11,3,3,2,33,need_attention
BD-11635,20,3,582.646,5,1,1,51,new_customers
BD-11725,104,6,1526.5,3,3,2,33,need_attention
BD-11770,338,6,658.466,1,3,1,13,at_Risk
BE-11335,130,5,4204.6759999999995,2,2,4,22,hibernating
BE-11410,109,5,2261.438,3,2,3,32,about_to_sleep
BE-11455,492,5,748.026,1,2,1,12,hibernating
BF-10975,102,7,599.798,3,3,1,33,need_attention
BF-11005,50,4,1333.88,4,1,2,41,promising
BF-11020,85,8,2888.506,3,4,4,34,loyal_customers
BF-11080,36,3,272.95,5,1,1,51,new_customers
BF-11170,27,11,5907.972,5,5,5,55,champions
BF-11215,76,4,1585.162,3,1,2,31,about_to_sleep
BF-11275,68,3,791.9899999999999,3,1,1,31,about_to_sleep
BG-11035,39,8,2798.948,4,4,4,44,loyal_customers
BG-11695,47,6,1874.172,4,3,3,43,potential_loyalists
BG-11740,68,6,1006.356,3,3,2,33,need_attention
BH-11710,34,8,6255.351,5,4,5,54,champions
BK-11260,88,6,659.138,3,3,1,33,need_attention
BM-11140,318,4,11789.63,1,1,5,11,hibernating
BM-11575,111,6,808.162,3,3,1,33,need_attention
BM-11650,44,11,7294.1849999999995,4,5,5,45,loyal_customers
BM-11785,229,10,1338.8419999999999,2,5,2,25,cant_loose
BN-11470,35,4,265.296,5,1,1,51,new_customers
BN-11515,20,5,1459.344,5,2,2,52,potential_loyalists
BO-11350,148,5,2682.728,2,2,3,22,hibernating
BO-11425,86,2,130.83,3,1,1,31,about_to_sleep
BP-11050,94,5,983.4199999999998,3,2,2,32,about_to_sleep
BP-11095,28,12,2442.0440000000003,5,5,3,55,champions
BP-11155,100,6,1697.861,3,3,3,33,need_attention
BP-11185,12,9,3675.861,5,5,4,55,champions
BP-11230,50,5,1181.4900000000002,4,2,2,42,potential_loyalists
BP-11290,23,7,2475.1569999999997,5,3,3,53,potential_loyalists
BS-11365,569,5,10501.653,1,2,5,12,hibernating
BS-11380,39,5,3887.834,4,2,4,42,potential_loyalists
BS-11590,46,6,2454.928,4,3,3,43,potential_loyalists
BS-11665,593,3,3288.1099999999997,1,1,4,11,hibernating
BS-11755,12,7,2562.3819999999996,5,3,3,53,potential_loyalists
BS-11800,276,2,949.43,1,1,2,11,hibernating
BT-11305,347,5,2567.656,1,2,3,12,hibernating
BT-11395,313,6,2186.6130000000003,1,3,3,13,at_Risk
BT-11440,571,4,603.876,1,1,1,11,hibernating
BT-11485,670,2,415.19599999999997,1,1,1,11,hibernating
BT-11530,102,5,2684.492,3,2,4,32,about_to_sleep
BT-11680,31,7,3196.7520000000004,5,3,4,53,potential_loyalists
BV-11245,345,5,1523.2730000000001,1,2,2,12,hibernating
BW-11065,223,3,385.516,2,1,1,21,hibernating
BW-11110,132,8,4750.358,2,4,5,24,at_Risk
BW-11200,214,6,1738.4060000000002,2,3,3,23,at_Risk
CA-11965,107,6,3789.7228,3,3,4,33,need_attention
CA-12055,412,5,1679.7240000000002,1,2,2,12,hibernating
CA-12265,67,8,2638.3271999999997,3,4,3,34,loyal_customers
CA-12310,24,4,1421.954,5,1,2,51,new_customers
CA-12775,131,7,3041.566,2,3,4,23,at_Risk
CB-12025,58,9,5730.669,4,5,5,45,loyal_customers
CB-12415,37,8,1949.2,5,4,3,54,champions
CB-12535,208,7,2574.1455,2,3,3,23,at_Risk
CC-12100,468,5,1685.889,1,2,2,12,hibernating
CC-12145,117,7,2471.6500000000005,2,3,3,23,at_Risk
CC-12220,31,11,3670.2580000000003,5,5,4,55,champions
CC-12370,54,5,12129.072,4,2,5,42,potential_loyalists
CC-12430,11,10,2870.0500000000006,5,5,4,55,champions
CC-12475,50,9,1659.438,4,5,2,45,loyal_customers
CC-12550,38,3,113.832,4,1,1,41,promising
CC-12610,45,7,2540.631,4,3,3,43,potential_loyalists
CC-12670,40,7,2269.7015000000006,4,4,3,44,loyal_customers
CC-12685,809,4,2854.1150000000002,1,1,4,11,hibernating
CD-11920,51,5,2033.9680000000003,4,2,3,42,potential_loyalists
CD-11980,65,3,639.766,4,1,1,41,promising
CD-12280,53,2,1205.584,4,1,2,41,promising
CD-12790,410,5,1860.732,1,2,3,12,hibernating
CG-12040,60,6,904.4680000000001,4,3,1,43,potential_loyalists
CG-12520,349,3,1148.7800000000002,1,1,2,11,hibernating
CH-12070,701,3,1537.2360000000003,1,1,2,11,hibernating
CJ-11875,376,1,16.52,1,1,1,11,hibernating
CJ-12010,200,8,11164.974,2,4,5,24,at_Risk
CK-12205,50,13,3154.855,4,5,4,45,loyal_customers
CK-12325,131,5,2945.321,2,2,4,22,hibernating
CK-12595,54,11,2372.75,4,5,3,45,loyal_customers
CK-12760,93,9,1582.1090000000004,3,5,2,35,loyal_customers
CL-11890,117,4,1262.014,2,1,2,21,hibernating
CL-12565,295,12,10880.546,1,5,5,15,cant_loose
CL-12700,271,4,2335.586,1,1,3,11,hibernating
CM-11815,142,6,1673.8880000000001,2,3,2,23,at_Risk
CM-11935,718,2,565.392,1,1,1,11,hibernating
CM-12115,19,4,1661.6100000000001,5,1,2,51,new_customers
CM-12160,37,6,2533.314,5,3,3,53,potential_loyalists
CM-12190,19,6,1475.1440000000002,5,3,2,53,potential_loyalists
CM-12235,396,5,2305.712,1,2,3,12,hibernating
CM-12385,48,4,8954.02,4,1,5,41,promising
CM-12445,447,3,287.99,1,1,1,11,hibernating
CM-12655,38,5,5890.508,4,2,5,42,potential_loyalists
CM-12715,1045,4,3984.4524,1,1,4,11,hibernating
CP-12085,93,8,5402.253999999999,3,4,5,34,loyal_customers
CP-12340,171,7,5817.187000000001,2,4,5,24,at_Risk
CR-12580,68,4,2148.852,3,1,3,31,about_to_sleep
CR-12625,481,3,475.9,1,1,1,11,hibernating
CR-12730,89,4,1600.55,3,1,2,31,about_to_sleep
CR-12820,96,3,1397.8724000000002,3,1,2,31,about_to_sleep
CS-11845,102,5,1278.9540000000002,3,2,2,32,about_to_sleep
CS-11860,173,6,537.6320000000001,2,3,1,23,at_Risk
CS-11950,36,11,3036.547,5,5,4,55,champions
CS-12130,500,4,884.64,1,1,1,11,hibernating
CS-12175,243,5,844.4580000000001,1,2,1,12,hibernating
CS-12250,37,12,2754.216,5,5,4,55,champions
CS-12355,17,11,3202.1620000000003,5,5,4,55,champions
CS-12400,13,9,3651.8585,5,5,4,55,champions
CS-12460,38,2,550.6440000000001,4,1,1,41,promising
CS-12490,435,4,970.1105,1,1,2,11,hibernating
CS-12505,69,6,5690.054999999999,3,3,5,33,need_attention
CT-11995,107,8,3241.898,3,4,4,34,loyal_customers
CV-12295,265,5,2830.6279999999997,1,2,4,12,hibernating
CV-12805,16,9,2370.3136,5,5,3,55,champions
CW-11905,33,6,1136.592,5,3,2,53,potential_loyalists
CY-12745,71,7,2004.082,3,4,3,34,loyal_customers
Co-12640,560,5,1300.076,1,2,2,12,hibernating
DA-13450,363,4,156.76,1,1,1,11,hibernating
DB-12910,32,8,2171.599,5,4,3,54,champions
DB-12970,252,4,2469.6672,1,1,3,11,hibernating
DB-13060,27,6,4151.51,5,3,4,53,potential_loyalists
DB-13120,59,7,2973.094,4,4,4,44,loyal_customers
DB-13210,20,10,2332.577,5,5,3,55,champions
DB-13270,64,8,4655.897,4,4,5,44,loyal_customers
DB-13360,275,5,1081.466,1,2,2,12,hibernating
DB-13405,198,4,1711.692,2,1,3,21,hibernating
DB-13555,118,7,3908.8028,2,4,4,24,at_Risk
DB-13615,44,7,1989.05,4,4,3,44,loyal_customers
DB-13660,23,7,1155.2019999999998,5,4,2,54,champions
DC-12850,48,9,3336.1680000000006,4,5,4,45,loyal_customers
DC-13285,34,5,1174.618,5,2,2,52,potential_loyalists
DD-13570,52,6,269.542,4,3,1,43,potential_loyalists
DE-13255,729,5,2550.874,1,2,3,12,hibernating
DF-13135,710,3,2390.534,1,1,3,11,hibernating
DG-13300,43,5,3195.818,4,2,4,42,potential_loyalists
DH-13075,288,5,3487.1980000000003,1,2,4,12,hibernating
DH-13675,786,4,1043.096,1,1,2,11,hibernating
DJ-13420,648,4,2012.5200000000002,1,1,3,11,hibernating
DJ-13510,59,8,2501.688,4,4,3,44,loyal_customers
DJ-13630,23,3,3356.398,5,1,4,51,new_customers
DK-12835,32,12,3256.4800000000005,5,5,4,55,champions
DK-12895,56,5,4282.1759999999995,4,2,5,42,potential_loyalists
DK-12985,18,5,1687.04,5,2,2,52,potential_loyalists
DK-13090,53,7,2650.557,4,4,3,44,loyal_customers
DK-13150,21,2,797.832,5,1,1,51,new_customers
DK-13225,21,9,4802.393999999999,5,5,5,55,champions
DK-13375,30,8,3318.4859999999994,5,4,4,54,champions
DL-12865,111,7,444.024,3,4,1,34,loyal_customers
DL-12925,68,6,3272.2000000000003,3,3,4,33,need_attention
DL-13315,33,8,1458.258,5,4,2,54,champions
DL-13330,68,4,585.02,3,1,1,31,about_to_sleep
DL-13495,87,8,3539.322,3,4,4,34,loyal_customers
DM-12955,125,7,1322.0339999999999,2,4,2,24,at_Risk
DM-13015,68,7,6345.103000000001,3,4,5,34,loyal_customers
DM-13345,33,8,4074.4720000000007,5,4,4,54,champions
DM-13525,492,3,1376.792,1,1,2,11,hibernating
DN-13690,228,7,2139.7900000000004,2,4,3,24,at_Risk
DO-13435,144,9,1300.0315,2,5,2,25,cant_loose
DO-13645,37,7,1267.316,5,4,2,54,champions
DP-13000,137,8,897.5239999999999,2,4,1,24,at_Risk
DP-13105,17,8,2215.0019999999995,5,4,3,54,champions
DP-13165,822,2,1058.616,1,1,2,11,hibernating
DP-13390,369,9,5480.723999999999,1,5,5,15,cant_loose
DR-12880,14,9,6528.034,5,5,5,55,champions
DR-12940,61,8,8350.868,4,4,5,44,loyal_customers
DS-13030,104,4,1762.2130000000002,3,1,3,31,about_to_sleep
DS-13180,34,9,2881.8128,5,5,4,55,champions
DV-13045,30,5,1119.4830000000002,5,2,2,52,potential_loyalists
DV-13465,40,5,3254.4869999999996,4,2,4,42,potential_loyalists
DW-13195,80,6,1080.751,3,3,2,33,need_attention
DW-13480,228,5,5271.628,2,2,5,22,hibernating
DW-13540,109,5,344.08000000000004,3,2,1,32,about_to_sleep
DW-13585,253,7,1204.854,1,4,2,14,at_Risk
Dl-13600,130,5,755.602,2,2,1,22,hibernating
Dp-13240,95,11,7198.761,3,5,5,35,loyal_customers
EA-14035,163,12,2752.4410000000003,2,5,4,25,cant_loose
EB-13705,59,9,3644.978000000001,4,5,4,45,loyal_customers
EB-13750,46,10,3236.314,4,5,4,45,loyal_customers
EB-13840,101,4,964.448,3,1,2,31,about_to_sleep
EB-13870,111,10,2767.219,3,5,4,35,loyal_customers
EB-13930,172,5,944.6000000000001,2,2,2,22,hibernating
EB-13975,11,4,1643.255,5,1,2,51,new_customers
EB-14110,124,6,3071.1259999999997,2,3,4,23,at_Risk
EB-14170,93,6,1186.326,3,3,2,33,need_attention
EC-14050,64,5,461.914,4,2,1,42,potential_loyalists
ED-13885,146,8,3484.92,2,4,4,24,at_Risk
EG-13900,33,5,1832.0199999999998,5,2,3,52,potential_loyalists
EH-13765,146,10,9940.380000000001,2,5,5,25,cant_loose
EH-13945,228,8,684.171,2,4,1,24,at_Risk
EH-13990,416,6,825.9499999999999,1,3,1,13,at_Risk
EH-14005,13,7,1219.5299999999997,5,4,2,54,champions
EH-14125,163,10,3082.6530000000002,2,5,4,25,cant_loose
EH-14185,116,6,923.884,2,3,1,23,at_Risk
EJ-13720,313,4,2162.174,1,1,3,11,hibernating
EJ-14155,68,5,2656.691,3,2,3,32,about_to_sleep
EK-13795,55,4,1303.478,4,1,2,41,promising
EL-13735,88,2,124.28,3,1,1,31,about_to_sleep
EM-13810,143,5,2567.01,2,2,3,22,hibernating
EM-13825,66,8,2339.598,3,4,3,34,loyal_customers
EM-13960,162,5,933.704,2,2,2,22,hibernating
EM-14065,58,4,228.99,4,1,1,41,promising
EM-14095,124,4,1041.042,2,1,2,21,hibernating
EM-14140,59,6,4588.436,4,3,5,43,potential_loyalists
EM-14200,169,3,366.822,2,1,1,21,hibernating
EN-13780,298,4,2199.366,1,1,3,11,hibernating
EP-13915,23,17,5478.0608,5,5,5,55,champions
ER-13855,432,3,1245.788,1,1,2,11,hibernating
ES-14020,51,5,3510.4579999999996,4,2,4,42,potential_loyalists
ES-14080,39,9,4657.924,4,5,5,45,loyal_customers
FA-14230,108,7,2984.054,3,4,4,34,loyal_customers
FC-14245,81,7,3418.742,3,4,4,34,loyal_customers
FC-14335,195,7,3889.366,2,4,4,24,at_Risk
FG-14260,45,7,1383.1440000000002,4,4,2,44,loyal_customers
FH-14275,48,10,4256.272,4,5,4,45,loyal_customers
FH-14350,223,4,2271.284,2,1,3,21,hibernating
FH-14365,16,8,6987.195999999999,5,4,5,54,champions
FM-14215,18,10,2456.638,5,5,3,55,champions
FM-14290,47,9,3736.1979999999994,4,5,4,45,loyal_customers
FM-14380,156,9,2523.2659999999996,2,5,3,25,cant_loose
FO-14305,49,10,2678.438,4,5,3,45,loyal_customers
FP-14320,34,8,4046.7459999999996,5,4,4,54,champions
FW-14395,373,3,79.75,1,1,1,11,hibernating
GA-14515,160,5,3797.2320000000004,2,2,4,22,hibernating
GA-14725,16,11,1398.382,5,5,2,55,champions
GB-14530,73,11,1568.44,3,5,2,35,loyal_customers
GB-14575,24,5,4716.2880000000005,5,2,5,52,potential_loyalists
GD-14590,16,4,1888.0700000000002,5,1,3,51,new_customers
GG-14650,54,9,2224.0,4,5,3,45,loyal_customers
GH-14410,86,9,2819.4669999999996,3,5,4,35,loyal_customers
GH-14425,61,4,4172.8460000000005,4,1,4,41,promising
GH-14485,398,2,1361.2440000000001,1,1,2,11,hibernating
GH-14665,13,2,146.94080000000002,5,1,1,51,new_customers
GK-14620,123,9,6497.27,2,5,5,25,cant_loose
GM-14440,94,7,3582.8199999999997,3,4,4,34,loyal_customers
GM-14455,27,6,3078.6240000000003,5,3,4,53,potential_loyalists
GM-14500,117,10,1255.6819999999998,2,5,2,25,cant_loose
GM-14680,163,6,3163.628,2,3,4,23,at_Risk
GM-14695,128,3,6049.966000000001,2,1,5,21,hibernating
GP-14740,775,2,236.53,1,1,1,11,hibernating
GR-14560,1146,2,1284.38,1,1,2,11,hibernating
GT-14635,67,3,9351.211999999998,3,1,5,31,about_to_sleep
GT-14710,47,11,11820.119999999999,4,5,5,45,loyal_customers
GT-14755,45,4,226.43599999999998,4,1,1,41,promising
GW-14605,39,7,2189.0190000000002,4,4,3,44,loyal_customers
GZ-14470,18,9,4355.15,5,5,5,55,champions
GZ-14545,168,4,2454.6220000000003,2,1,3,21,hibernating
HA-14905,80,7,2163.3,3,4,3,34,loyal_customers
HA-14920,31,8,2584.1579999999994,5,4,3,54,champions
HD-14785,779,3,251.36,1,1,1,11,hibernating
HE-14800,23,3,755.462,5,1,1,51,new_customers
HF-14995,32,7,2533.1640000000007,5,4,3,54,champions
HG-14845,65,5,785.628,4,2,1,42,potential_loyalists
HG-14965,34,12,3247.642,5,5,4,55,champions
HG-15025,17,7,3690.2840000000006,5,4,4,54,champions
HH-15010,83,2,218.668,3,1,1,31,about_to_sleep
HJ-14875,137,5,358.1,2,2,1,22,hibernating
HK-14890,162,8,4877.784,2,4,5,24,at_Risk
HL-15040,54,6,12873.297999999999,4,3,5,43,potential_loyalists
HM-14860,13,10,8236.7648,5,5,5,55,champions
HM-14980,258,4,736.276,1,1,1,11,hibernating
HP-14815,41,7,1990.3139999999999,4,4,3,44,loyal_customers
HR-14770,24,4,940.588,5,1,2,51,new_customers
HR-14830,170,7,5248.786999999999,2,4,5,24,at_Risk
HW-14935,128,7,4827.934,2,4,5,24,at_Risk
HZ-14950,46,5,886.5199999999999,4,2,1,42,potential_loyalists
IG-15085,82,4,744.574,3,1,1,31,about_to_sleep
IL-15100,153,7,5040.736,2,4,5,24,at_Risk
IM-15055,420,2,48.4,1,1,1,11,hibernating
IM-15070,401,7,4930.473999999999,1,4,5,14,at_Risk
JA-15970,103,8,6491.025999999999,3,4,5,34,loyal_customers
JB-15400,18,10,1791.605,5,5,3,55,champions
JB-15925,747,3,900.552,1,1,1,11,hibernating
JB-16000,54,7,644.1188,4,4,1,44,loyal_customers
JB-16045,18,5,2518.115,5,2,3,52,potential_loyalists
JC-15340,125,4,71.26299999999999,2,1,1,21,hibernating
JC-15385,186,1,1058.1080000000002,2,1,2,21,hibernating
JC-15775,169,9,2772.055,2,5,4,25,cant_loose
JC-16105,68,5,858.5760000000001,3,2,1,32,about_to_sleep
JD-15790,128,5,2152.3520000000003,2,2,3,22,hibernating
JD-15895,405,11,7610.8640000000005,1,5,5,15,cant_loose
JD-16015,123,6,385.43,2,3,1,23,at_Risk
JD-16060,311,3,695.4420000000001,1,1,1,11,hibernating
JD-16150,52,8,8828.030499999999,4,4,5,44,loyal_customers
JE-15475,204,6,1388.6819999999998,2,3,2,23,at_Risk
JE-15610,59,7,7754.976,4,4,5,44,loyal_customers
JE-15715,57,10,8697.843,4,5,5,45,loyal_customers
JE-15745,62,13,6760.814999999999,4,5,5,45,loyal_customers
JE-16165,31,3,2697.248,5,1,4,51,new_customers
JF-15190,76,6,2239.606,3,3,3,33,need_attention
JF-15295,236,5,955.124,2,2,2,22,hibernating
JF-15355,116,6,1911.844,2,3,3,23,at_Risk
JF-15415,13,5,2309.432,5,2,3,52,potential_loyalists
JF-15490,132,10,890.9499999999999,2,5,1,25,cant_loose
JF-15565,65,8,4198.332,4,4,4,44,loyal_customers
JG-15115,768,3,2358.676,1,1,3,11,hibernating
JG-15160,12,11,6366.392000000001,5,5,5,55,champions
JG-15310,13,6,2240.5800000000004,5,3,3,53,potential_loyalists
JG-15805,234,6,1507.018,2,3,2,23,at_Risk
JH-15430,16,4,309.281,5,1,1,51,new_customers
JH-15820,185,6,528.91,2,3,1,23,at_Risk
JH-15910,52,7,959.477,4,4,2,44,loyal_customers
JH-15985,40,6,7954.998,4,3,5,43,potential_loyalists
JH-16180,415,4,2256.3940000000002,1,1,3,11,hibernating
JJ-15445,494,5,709.1780000000001,1,2,1,12,hibernating
JJ-15760,763,2,195.0,1,1,1,11,hibernating
JK-15205,72,4,4262.292,3,1,5,31,about_to_sleep
JK-15325,298,3,383.812,1,1,1,11,hibernating
JK-15370,55,7,2136.458,4,4,3,44,loyal_customers
JK-15625,72,7,3760.028,3,4,4,34,loyal_customers
JK-15640,191,9,4760.434000000001,2,5,5,25,cant_loose
JK-15730,95,9,4769.900000000001,3,5,5,35,loyal_customers
JK-16090,39,3,3747.6680000000006,4,1,4,41,promising
JK-16120,128,10,2932.484,2,5,4,25,cant_loose
JL-15130,19,6,1214.956,5,3,2,53,potential_loyalists
JL-15175,17,5,1571.523,5,2,2,52,potential_loyalists
JL-15235,130,5,2203.7000000000003,2,2,3,22,hibernating
JL-15505,60,6,3173.874,4,3,4,43,potential_loyalists
JL-15835,32,10,9576.343,5,5,5,55,champions
JL-15850,625,6,2725.2560000000003,1,3,4,13,at_Risk
JM-15250,48,6,3159.1220000000003,4,3,4,43,potential_loyalists
JM-15265,48,5,1804.1460000000002,4,2,3,42,potential_loyalists
JM-15535,113,7,1733.4430000000002,3,4,3,34,loyal_customers
JM-15580,11,5,303.948,5,2,1,52,potential_loyalists
JM-15655,19,5,864.9470000000001,5,2,1,52,potential_loyalists
JM-15865,120,7,7625.076000000001,2,4,5,24,at_Risk
JM-16195,68,10,2833.9260000000004,3,5,4,35,loyal_customers
JO-15145,68,9,3254.9490000000005,3,5,4,35,loyal_customers
JO-15280,103,6,1934.2720000000004,3,3,3,33,need_attention
JO-15550,226,5,1090.838,2,2,2,22,hibernating
JP-15460,48,7,1669.135,4,4,2,44,loyal_customers
JP-15520,19,7,3635.5939999999996,5,4,4,54,champions
JP-16135,113,9,1707.71,3,5,3,35,loyal_customers
JR-15670,604,2,1156.658,1,1,2,11,hibernating
JR-15700,79,1,863.88,3,1,1,31,about_to_sleep
JR-16210,44,5,2201.6859999999997,4,2,3,42,potential_loyalists
JS-15595,130,4,1417.654,2,1,2,21,hibernating
JS-15685,53,3,990.1959999999999,4,1,2,41,promising
JS-15880,545,5,3868.02,1,2,4,12,hibernating
JS-15940,474,5,469.169,1,2,1,12,hibernating
JS-16030,39,6,2516.4939999999997,4,3,3,43,potential_loyalists
JW-15220,53,6,7721.714,4,3,5,43,potential_loyalists
JW-15955,16,6,1049.2379999999998,5,3,2,53,potential_loyalists
JW-16075,472,4,1428.731,1,1,2,11,hibernating
KA-16525,47,7,1519.506,4,4,2,44,loyal_customers
KB-16240,15,7,3152.6150000000002,5,4,4,54,champions
KB-16315,307,9,1569.4640000000002,1,5,2,15,cant_loose
KB-16405,128,3,908.821,2,1,1,21,hibernating
KB-16585,241,12,2744.742,2,5,4,25,cant_loose
KB-16600,12,7,983.9220000000001,5,4,2,54,champions
KC-16255,418,6,2120.954,1,3,3,13,at_Risk
KC-16540,108,4,3908.2619999999997,3,1,4,31,about_to_sleep
KC-16675,68,4,1146.0500000000002,3,1,2,31,about_to_sleep
KD-16270,495,5,8282.358,1,2,5,12,hibernating
KD-16345,52,6,1888.964,4,3,3,43,potential_loyalists
KD-16495,123,12,8181.255999999999,2,5,5,25,cant_loose
KD-16615,300,4,907.1579999999999,1,2,1,12,hibernating
KE-16420,37,7,1453.2812000000001,5,4,2,54,champions
KF-16285,108,7,10604.266,3,4,5,34,loyal_customers
KH-16330,51,8,3312.8639999999996,4,4,4,44,loyal_customers
KH-16360,12,6,3100.611999999999,5,3,4,53,potential_loyalists
KH-16510,33,6,5229.695000000001,5,3,5,53,potential_loyalists
KH-16630,69,9,3918.966,3,5,4,35,loyal_customers
KH-16690,13,7,5990.799000000001,5,4,5,54,champions
KL-16555,27,8,5016.488,5,4,5,54,champions
KL-16645,58,12,14175.229,4,5,5,45,loyal_customers
KM-16225,25,6,2260.958,5,3,3,53,potential_loyalists
KM-16375,67,8,5620.186000000001,3,4,5,34,loyal_customers
KM-16660,26,5,453.538,5,2,1,52,potential_loyalists
KM-16720,39,8,4909.472,4,4,5,44,loyal_customers
KN-16390,30,8,2224.0860000000002,5,4,3,54,champions
KN-16450,63,5,2171.9619999999995,4,2,3,42,potential_loyalists
KN-16705,109,7,2003.01,3,4,3,34,loyal_customers
KS-16300,306,3,88.47200000000001,1,1,1,11,hibernating
KT-16465,402,7,3057.1,1,4,4,14,at_Risk
KT-16480,111,10,4642.088400000001,3,5,5,35,loyal_customers
KW-16435,107,5,4416.52,3,2,5,32,about_to_sleep
KW-16570,781,4,449.09600000000006,1,2,1,12,hibernating
LA-16780,165,11,8673.222,2,5,5,25,cant_loose
LB-16735,59,3,50.188,4,1,1,41,promising
LB-16795,163,8,4985.676,2,4,5,24,at_Risk
LC-16870,38,8,2580.7039999999997,4,4,3,44,loyal_customers
LC-16885,27,12,7663.126,5,5,5,55,champions
LC-16930,52,8,4492.946,4,4,5,44,loyal_customers
LC-16960,447,4,3246.626,1,2,4,12,hibernating
LC-17050,65,5,2095.064,4,2,3,42,potential_loyalists
LC-17140,24,9,2633.582,5,5,3,55,champions
LD-16855,563,1,5.304,1,1,1,11,hibernating
LD-17005,425,4,1961.934,1,2,3,12,hibernating
LE-16810,32,6,1469.45,5,3,2,53,potential_loyalists
LF-17185,33,7,3930.509,5,4,4,54,champions
LH-16750,162,3,287.426,2,1,1,21,hibernating
LH-16900,32,9,2295.3320000000003,5,5,3,55,champions
LH-17020,250,4,318.239,1,2,1,12,hibernating
LH-17155,396,9,1739.6889999999999,1,5,3,15,cant_loose
LL-16840,260,5,2454.554,1,2,3,12,hibernating
LM-17065,402,5,1346.774,1,2,2,12,hibernating
LO-17170,13,5,644.35,5,2,1,52,potential_loyalists
LP-17080,51,4,756.6060000000001,4,2,1,42,potential_loyalists
LP-17095,20,6,3104.4390000000003,5,3,4,53,potential_loyalists
LR-16915,37,6,5142.892,5,3,5,53,potential_loyalists
LR-17035,143,5,1879.306,2,2,3,22,hibernating
LS-16945,189,6,2845.2700000000004,2,3,4,23,at_Risk
LS-16975,31,9,2988.674,5,5,4,55,champions
LS-17200,107,6,1010.2560000000001,3,3,2,33,need_attention
LS-17230,787,3,368.88,1,1,1,11,hibernating
LS-17245,45,6,1008.1359999999999,4,3,2,43,potential_loyalists
LT-16765,37,3,329.876,5,1,1,51,new_customers
LT-17110,45,8,2936.2520000000004,4,4,4,44,loyal_customers
LW-16825,99,5,2238.0609999999997,3,2,3,32,about_to_sleep
LW-16990,44,6,3230.308,4,3,4,43,potential_loyalists
LW-17125,216,3,1259.04,2,1,2,21,hibernating
LW-17215,32,7,5420.513999999999,5,4,5,54,champions
MA-17560,75,11,4299.161000000001,3,5,5,35,loyal_customers
MA-17995,197,6,2453.284,2,3,3,23,at_Risk
MB-17305,59,10,1548.7019999999998,4,5,2,45,loyal_customers
MB-18085,55,7,1428.231,4,4,2,44,loyal_customers
MC-17275,87,8,2725.982,3,4,4,34,loyal_customers
MC-17425,410,5,4432.138,1,2,5,12,hibernating
MC-17575,38,8,1303.8930000000003,4,4,2,44,loyal_customers
MC-17590,62,6,2426.067,4,3,3,43,potential_loyalists
MC-17605,123,8,2258.192,2,4,3,24,at_Risk
MC-17635,200,4,795.154,2,2,1,22,hibernating
MC-17845,12,7,3805.7140000000004,5,4,4,54,champions
MC-18100,52,10,2218.98,4,5,3,45,loyal_customers
MC-18130,380,5,1581.998,1,2,2,12,hibernating
MD-17350,128,6,2716.412,2,3,4,23,at_Risk
MD-17860,47,5,1204.91,4,2,2,42,potential_loyalists
ME-17320,53,10,10663.728,4,5,5,45,loyal_customers
ME-17725,39,8,1908.4532,4,4,3,44,loyal_customers
ME-18010,103,4,1256.944,3,2,2,32,about_to_sleep
MF-17665,432,5,937.0390000000001,1,2,2,12,hibernating
MF-18250,18,5,1758.3,5,2,3,52,potential_loyalists
MG-17650,40,7,3785.276,4,4,4,44,loyal_customers
MG-17680,103,4,2350.188,3,2,3,32,about_to_sleep
MG-17695,566,3,1342.282,1,1,2,11,hibernating
MG-17875,127,5,1242.833,2,2,2,22,hibernating
MG-17890,110,9,776.384,3,5,1,35,loyal_customers
MG-18145,95,4,3061.543,3,2,4,32,about_to_sleep
MG-18205,275,1,16.739,1,1,1,11,hibernating
MH-17290,305,5,1691.505,1,2,2,12,hibernating
MH-17440,387,4,400.016,1,2,1,12,hibernating
MH-17455,181,7,2146.694,2,4,3,24,at_Risk
MH-17620,166,4,1252.8,2,2,2,22,hibernating
MH-17785,109,7,2203.7780000000002,3,4,3,34,loyal_customers
MH-18025,60,5,2984.9480000000003,4,2,4,42,potential_loyalists
MH-18115,16,9,5503.092999999999,5,5,5,55,champions
MJ-17740,33,7,6320.746,5,4,5,54,champions
MK-17905,39,8,2302.3680000000004,4,4,3,44,loyal_customers
MK-18160,251,4,1031.602,1,2,2,12,hibernating
ML-17395,80,9,2722.843,3,5,4,35,loyal_customers
ML-17410,65,5,2885.2599999999993,4,2,4,42,potential_loyalists
ML-17755,40,7,2071.914,4,4,3,44,loyal_customers
ML-18040,90,3,742.082,3,1,1,31,about_to_sleep
ML-18265,111,2,162.232,3,1,1,31,about_to_sleep
MM-17260,179,4,1314.0230000000001,2,2,2,22,hibernating
MM-17920,18,10,3640.256,5,5,4,55,champions
MM-18055,72,8,2749.881,3,4,4,34,loyal_customers
MM-18280,96,9,775.4140000000001,3,5,1,35,loyal_customers
MN-17935,45,6,2477.946,4,3,3,43,potential_loyalists
MO-17500,83,4,922.487,3,2,1,32,about_to_sleep
MO-17800,115,8,1687.0269999999998,3,4,2,34,loyal_customers
MO-17950,191,2,154.288,2,1,1,21,hibernating
MP-17470,729,6,2945.822,1,3,4,13,at_Risk
MP-17965,83,9,3983.642,3,5,4,35,loyal_customers
MP-18175,27,8,4757.332,5,4,5,54,champions
MR-17545,136,4,639.178,2,2,1,22,hibernating
MS-17365,284,10,7443.6900000000005,1,5,5,15,cant_loose
MS-17530,445,4,475.65599999999995,1,2,1,12,hibernating
MS-17710,424,6,1613.402,1,3,2,13,at_Risk
MS-17770,132,9,3144.6779999999994,2,5,4,25,cant_loose
MS-17830,463,4,370.348,1,2,1,12,hibernating
MS-17980,37,6,855.116,5,3,1,53,potential_loyalists
MT-17815,60,6,2890.139,4,3,4,43,potential_loyalists
MT-18070,214,4,1319.4497999999999,2,2,2,22,hibernating
MV-17485,38,9,1560.05,4,5,2,45,loyal_customers
MV-18190,30,7,1734.5739999999998,5,4,3,54,champions
MW-18220,28,7,5341.9,5,4,5,54,champions
MW-18235,55,2,5253.876,4,1,5,41,promising
MY-17380,40,7,2254.2849999999994,4,4,3,44,loyal_customers
MY-18295,82,10,3601.8799999999997,3,5,4,35,loyal_customers
MZ-17335,41,4,593.606,4,2,1,42,potential_loyalists
MZ-17515,293,6,2564.906,1,3,3,13,at_Risk
NB-18580,1176,2,273.87199999999996,1,1,1,11,hibernating
NB-18655,30,9,1972.599,5,5,3,55,champions
NC-18340,235,5,2461.4040000000005,2,2,3,22,hibernating
NC-18415,52,6,2218.99,4,3,3,43,potential_loyalists
NC-18535,17,7,8241.739,5,4,5,54,champions
NC-18625,215,5,1821.7420000000002,2,2,3,22,hibernating
ND-18370,38,9,4326.139,4,5,5,45,loyal_customers
ND-18460,194,6,2893.455,2,3,4,23,at_Risk
NF-18385,90,6,8080.474,3,3,5,33,need_attention
NF-18475,536,4,377.16200000000003,1,2,1,12,hibernating
NF-18595,125,7,2031.472,2,4,3,24,at_Risk
NG-18355,59,5,1869.58,4,2,3,42,potential_loyalists
NG-18430,59,5,1395.938,4,2,2,42,potential_loyalists
NH-18610,200,6,2518.6659999999997,2,3,3,23,at_Risk
NK-18490,81,7,572.048,3,4,1,34,loyal_customers
NL-18310,69,4,1418.0900000000001,3,2,2,32,about_to_sleep
NM-18445,171,7,6459.344,2,4,5,24,at_Risk
NM-18520,255,10,2161.9790000000003,1,5,3,15,cant_loose
NP-18325,36,6,5529.620000000002,5,3,5,53,potential_loyalists
NP-18670,69,5,3908.402,3,2,4,32,about_to_sleep
NP-18685,417,5,1164.73,1,2,2,12,hibernating
NP-18700,149,7,7903.182500000001,2,4,5,24,at_Risk
NR-18550,221,5,2367.277,2,2,3,22,hibernating
NS-18505,17,4,2575.863,5,2,3,52,potential_loyalists
NS-18640,185,12,2857.7529999999997,2,5,4,25,cant_loose
NW-18400,183,7,7234.013999999999,2,4,5,24,at_Risk
NZ-18565,96,9,2488.31,3,5,3,35,loyal_customers
ON-18715,421,9,1567.52,1,5,2,15,cant_loose
OT-18730,76,5,3818.6240000000003,3,2,4,32,about_to_sleep
PA-19060,114,6,729.408,3,3,1,33,need_attention
PB-18805,36,3,740.356,5,1,1,51,new_customers
PB-19105,68,4,688.324,3,2,1,32,about_to_sleep
PB-19150,108,8,1456.95,3,4,2,34,loyal_customers
PB-19210,698,2,132.738,1,1,1,11,hibernating
PC-18745,13,4,1832.064,5,2,3,52,potential_loyalists
PC-19000,892,2,1061.488,1,1,2,11,hibernating
PF-19120,845,4,9062.863999999998,1,2,5,12,hibernating
PF-19165,207,6,2770.0,2,3,4,23,at_Risk
PF-19225,125,5,2206.1279999999997,2,2,3,22,hibernating
PG-18820,47,13,3086.907,4,5,4,45,loyal_customers
PG-18895,68,9,1987.164,3,5,3,35,loyal_customers
PH-18790,81,1,729.648,3,1,1,31,about_to_sleep
PJ-18835,50,8,1220.0900000000001,4,4,2,44,loyal_customers
PJ-19015,145,6,1677.536,2,3,2,23,at_Risk
PK-18910,494,2,1441.152,1,1,2,11,hibernating
PK-19075,20,12,8646.934,5,5,5,55,champions
PL-18925,26,5,239.481,5,2,1,52,potential_loyalists
PM-18940,397,3,1405.402,1,1,2,11,hibernating
PM-19135,62,4,4115.662,4,2,4,42,potential_loyalists
PN-18775,41,8,1467.152,4,4,2,44,loyal_customers
PO-18850,15,11,7473.828200000001,5,5,5,55,champions
PO-18865,11,7,2493.2140000000004,5,4,3,54,champions
PO-19180,171,9,4893.043000000001,2,5,5,25,cant_loose
PO-19195,97,5,1056.858,3,2,2,32,about_to_sleep
PP-18955,108,10,7252.608,3,5,5,35,loyal_customers
PR-18880,47,5,1840.1779999999999,4,2,3,42,potential_loyalists
PS-18760,118,6,2181.479,2,3,3,23,at_Risk
PS-18970,80,8,1278.6390000000001,3,4,2,34,loyal_customers
PS-19045,247,7,6843.634,1,4,5,14,at_Risk
PT-19090,82,3,158.46,3,1,1,31,about_to_sleep
PV-18985,100,5,2876.0459999999994,3,3,4,33,need_attention
PW-19030,57,10,3454.916,4,5,4,45,loyal_customers
PW-19240,475,7,3922.4149999999995,1,4,4,14,at_Risk
QJ-19255,255,7,1498.4080000000001,1,4,2,14,at_Risk
RA-19285,16,9,2617.906,5,5,3,55,champions
RA-19885,66,6,3546.2239999999997,3,3,4,33,need_attention
RA-19915,23,9,4793.543000000001,5,5,5,55,champions
RA-19945,72,5,1686.9225000000001,3,3,2,33,need_attention
RB-19330,79,2,1008.1959999999999,3,1,2,31,about_to_sleep
RB-19360,107,6,15117.339,3,3,5,33,need_attention
RB-19435,52,7,1864.156,4,4,3,44,loyal_customers
RB-19465,20,12,4715.466,5,5,5,55,champions
RB-19570,36,5,528.546,5,3,1,53,potential_loyalists
RB-19645,659,5,221.08399999999997,1,3,1,13,at_Risk
RB-19705,65,4,2067.45,4,2,3,42,potential_loyalists
RB-19795,43,8,5633.316000000001,4,4,5,44,loyal_customers
RC-19825,380,6,966.4090000000001,1,3,2,13,at_Risk
RC-19960,121,4,652.644,2,2,1,22,hibernating
RD-19480,83,8,4272.93,3,4,5,34,loyal_customers
RD-19585,191,9,2832.904,2,5,4,25,cant_loose
RD-19660,125,4,2745.892,2,2,4,22,hibernating
RD-19720,32,10,1419.7369999999999,5,5,2,55,champions
RD-19810,25,8,1137.616,5,4,2,54,champions
RD-19900,125,9,3133.924,2,5,4,25,cant_loose
RD-19930,53,4,970.9420000000001,4,2,2,42,potential_loyalists
RE-19405,1108,1,48.36,1,1,1,11,hibernating
RE-19450,313,4,666.52,1,2,1,12,hibernating
RF-19345,401,8,3309.15,1,4,4,14,at_Risk
RF-19735,100,7,2341.296,3,4,3,34,loyal_customers
RF-19840,17,7,938.8620000000001,5,4,2,54,champions
RH-19495,43,5,3621.376,4,3,4,43,potential_loyalists
RH-19510,478,6,6979.179999999999,1,3,5,13,at_Risk
RH-19555,530,2,740.382,1,1,1,11,hibernating
RH-19600,545,3,2085.7400000000002,1,1,3,11,hibernating
RK-19300,130,3,1460.192,2,1,2,21,hibernating
RL-19615,132,8,6234.91,2,4,5,24,at_Risk
RM-19375,552,5,816.294,1,3,1,13,at_Risk
RM-19675,17,5,5979.0960000000005,5,3,5,53,potential_loyalists
RM-19750,310,1,98.35,1,1,1,11,hibernating
RO-19780,46,7,3815.4779999999996,4,4,4,44,loyal_customers
RP-19270,507,4,954.6451999999999,1,2,2,12,hibernating
RP-19390,44,12,5153.084,4,5,5,45,loyal_customers
RP-19855,39,7,2055.356,4,4,3,44,loyal_customers
RR-19315,30,2,615.932,5,1,1,51,new_customers
RR-19525,181,6,3302.262,2,3,4,23,at_Risk
RS-19420,87,5,3221.29,3,3,4,33,need_attention
RS-19765,47,8,4159.769999999999,4,4,4,44,loyal_customers
RS-19870,30,2,22.328,5,1,1,51,new_customers
RW-19540,131,7,7397.401000000001,2,4,5,24,at_Risk
RW-19630,100,9,3279.746,3,5,4,35,loyal_customers
RW-19690,90,5,3495.646,3,3,4,33,need_attention
SA-20830,74,10,4767.341500000001,3,5,5,35,loyal_customers
SB-20170,212,3,1348.02,2,1,2,21,hibernating
SB-20185,199,6,6410.995999999999,2,3,5,23,at_Risk
SB-20290,58,7,8057.8910000000005,4,4,5,44,loyal_customers
SC-20020,791,5,3362.9636,1,3,4,13,at_Risk
SC-20050,51,9,4624.572000000001,4,5,5,45,loyal_customers
SC-20095,360,9,14142.333999999999,1,5,5,15,cant_loose
SC-20230,160,4,4371.9580000000005,2,2,5,22,hibernating
SC-20260,198,8,3729.7929999999997,2,4,4,24,at_Risk
SC-20305,40,6,3650.473,4,3,4,43,potential_loyalists
SC-20380,41,9,5992.535999999999,4,5,5,45,loyal_customers
SC-20440,47,7,1874.998,4,4,3,44,loyal_customers
SC-20575,103,4,799.7980000000001,3,2,1,32,about_to_sleep
SC-20680,137,6,1254.6400000000003,2,3,2,23,at_Risk
SC-20695,100,10,2576.4080000000004,3,5,3,35,loyal_customers
SC-20725,198,11,5226.21,2,5,5,25,cant_loose
SC-20770,52,7,4492.657,4,4,5,44,loyal_customers
SC-20800,41,4,279.256,4,2,1,42,potential_loyalists
SC-20845,425,1,14.112,1,1,1,11,hibernating
SD-20485,211,9,6121.114,2,5,5,25,cant_loose
SE-20110,20,11,12209.438,5,5,5,55,champions
SF-20065,70,7,763.5459999999999,3,4,1,34,loyal_customers
SF-20200,70,9,3422.785999999999,3,5,4,35,loyal_customers
SF-20965,59,9,3336.535,4,5,4,45,loyal_customers
SG-20080,19,3,3406.581,5,1,4,51,new_customers
SG-20470,194,8,1884.7980000000002,2,4,3,24,at_Risk
SG-20605,119,5,3118.8920000000003,2,3,4,23,at_Risk
SG-20890,237,3,47.946,2,1,1,21,hibernating
SH-19975,40,12,2465.6594999999998,4,5,3,45,loyal_customers
SH-20395,34,10,2180.718,5,5,3,55,champions
SH-20635,775,2,2096.392,1,1,3,11,hibernating
SJ-20125,106,12,3949.6560000000004,3,5,4,35,loyal_customers
SJ-20215,40,6,1341.036,4,3,2,43,potential_loyalists
SJ-20500,264,5,1318.7759999999998,1,3,2,13,at_Risk
SK-19990,19,3,883.409,5,1,1,51,new_customers
SL-20155,81,6,3046.532,3,3,4,33,need_attention
SM-20005,432,4,244.494,1,2,1,12,hibernating
SM-20320,90,5,25043.05,3,3,5,33,need_attention
SM-20905,617,1,1043.0410000000002,1,1,2,11,hibernating
SM-20950,36,11,4464.862,5,5,5,55,champions
SN-20560,122,6,1860.4180000000001,2,3,3,23,at_Risk
SN-20710,90,7,3127.9592000000007,3,4,4,34,loyal_customers
SO-20335,40,6,2602.575500000001,4,3,3,43,potential_loyalists
SP-20545,338,6,1306.086,1,3,2,13,at_Risk
SP-20620,58,9,5440.319,4,5,5,45,loyal_customers
SP-20650,397,9,1872.4360000000001,1,5,3,15,cant_loose
SP-20860,90,10,4282.94,3,5,5,35,loyal_customers
SP-20920,81,6,3990.6890000000003,3,3,4,33,need_attention
SR-20425,19,5,3233.481,5,3,4,53,potential_loyalists
SR-20740,207,8,4345.886,2,4,5,24,at_Risk
SS-20140,26,8,1324.028,5,4,2,54,champions
SS-20410,121,6,3056.807,2,3,4,23,at_Risk
SS-20515,502,3,613.4000000000001,1,1,1,11,hibernating
SS-20590,443,6,418.49,1,3,1,13,at_Risk
SS-20875,131,5,964.6360000000001,2,3,2,23,at_Risk
ST-20530,136,7,433.34,2,4,1,24,at_Risk
SU-20665,31,7,2595.364,5,4,3,54,champions
SV-20365,112,10,11470.95,3,5,5,35,loyal_customers
SV-20785,331,8,3390.105,1,5,4,15,cant_loose
SV-20815,87,4,1271.0900000000004,3,2,2,32,about_to_sleep
SV-20935,13,8,1903.491,5,5,3,55,champions
SW-20245,92,7,1085.078,3,4,2,34,loyal_customers
SW-20275,41,6,1966.65,4,3,3,43,potential_loyalists
SW-20350,173,3,1019.0439999999998,2,1,2,21,hibernating
SW-20455,173,6,2835.5640000000003,2,3,4,23,at_Risk
SW-20755,545,2,758.6959999999999,1,1,1,11,hibernating
SZ-20035,46,11,3625.3289999999997,4,5,4,45,loyal_customers
TA-21385,80,4,14595.620000000003,3,2,5,32,about_to_sleep
TB-21055,130,4,1451.361,2,2,2,22,hibernating
TB-21175,69,4,3589.296,3,2,4,32,about_to_sleep
TB-21190,60,4,816.174,4,2,1,42,potential_loyalists
TB-21250,360,7,1602.376,1,4,2,14,at_Risk
TB-21280,594,6,2198.45,1,3,3,13,at_Risk
TB-21355,157,5,834.328,2,3,1,23,at_Risk
TB-21400,213,6,9108.742,2,3,5,23,at_Risk
TB-21520,118,9,4737.485999999999,2,5,5,25,cant_loose
TB-21595,296,4,1240.8709999999999,1,2,2,12,hibernating
TB-21625,41,9,2797.6679999999997,4,5,4,45,loyal_customers
TC-20980,410,5,19052.218,1,3,5,13,at_Risk
TC-21145,117,1,1038.26,2,1,2,21,hibernating
TC-21295,38,8,4266.812,4,5,5,45,loyal_customers
TC-21475,164,9,1244.976,2,5,2,25,cant_loose
TC-21535,15,7,742.558,5,4,1,54,champions
TD-20995,48,9,1434.5480000000002,4,5,2,45,loyal_customers
TG-21310,348,5,3058.372,1,3,4,13,at_Risk
TG-21640,125,4,2074.661,2,2,3,22,hibernating
TH-21100,355,5,2422.824,1,3,3,13,at_Risk
TH-21115,69,4,2942.772,3,2,4,32,about_to_sleep
TH-21235,128,8,1022.2010000000001,2,5,2,25,cant_loose
TH-21550,83,7,4234.096,3,4,4,34,loyal_customers
TM-21010,114,7,2819.0259999999994,3,4,4,34,loyal_customers
TM-21490,141,3,1094.6779999999999,2,1,2,21,hibernating
TN-21040,101,7,3130.221,3,4,4,34,loyal_customers
TP-21130,19,9,4454.0560000000005,5,5,5,55,champions
TP-21415,115,5,5329.0048,3,3,5,33,need_attention
TP-21565,361,4,1936.6399999999999,1,2,3,12,hibernating
TR-21325,204,5,675.942,2,3,1,23,at_Risk
TS-21085,368,2,4.833,1,1,1,11,hibernating
TS-21160,515,6,2163.6240000000003,1,3,3,13,at_Risk
TS-21205,209,7,5371.09,2,4,5,24,at_Risk
TS-21340,237,5,974.782,2,3,2,23,at_Risk
TS-21370,47,6,11891.751,4,3,5,43,potential_loyalists
TS-21430,183,5,2054.14,2,3,3,23,at_Risk
TS-21505,22,6,2243.2740000000003,5,3,3,53,potential_loyalists
TS-21610,66,7,2820.4240000000004,3,4,4,34,loyal_customers
TS-21655,249,5,3368.094,1,3,4,13,at_Risk
TT-21070,42,7,4915.602000000001,4,4,5,44,loyal_customers
TT-21220,194,8,1427.044,2,5,2,25,cant_loose
TT-21265,417,3,439.5,1,1,1,11,hibernating
TT-21460,23,7,5364.808,5,4,5,54,champions
TW-21025,75,7,5278.826000000001,3,4,5,34,loyal_customers
TZ-21580,46,4,1707.2859999999998,4,2,3,42,potential_loyalists
VB-21745,65,6,2005.596,4,3,3,43,potential_loyalists
VD-21670,592,6,6442.254000000001,1,3,5,13,at_Risk
VF-21715,24,5,847.944,5,3,1,53,potential_loyalists
VG-21790,165,6,846.01,2,3,1,23,at_Risk
VG-21805,502,4,418.432,1,2,1,12,hibernating
VM-21685,65,6,1160.116,4,3,2,43,potential_loyalists
VM-21835,128,5,380.68999999999994,2,3,1,23,at_Risk
VP-21730,41,3,993.9019999999999,4,1,2,41,promising
VP-21760,86,7,3360.5260000000003,3,4,4,34,loyal_customers
VS-21820,232,4,1055.981,2,2,2,22,hibernating
VT-21700,1010,2,1736.596,1,1,3,11,hibernating
VW-21775,39,10,6134.0380000000005,4,5,5,45,loyal_customers
WB-21850,31,10,6129.710000000001,5,5,5,55,champions
XP-21865,54,11,2374.6580000000004,4,5,3,45,loyal_customers
YC-21895,15,5,5454.35,5,3,5,53,potential_loyalists
YS-21880,20,8,6720.4439999999995,5,5,5,55,champions
ZC-21910,65,13,8025.706999999999,4,5,5,45,loyal_customers
ZD-21925,213,5,1493.9440000000002,2,3,2,23,at_Risk
